<?xml version="1.0" encoding="UTF-8" standalone="no"?>
<configuration version="1.0.7.16">
  <General>
    <HarmonyPath path="../../../../../microchip/harmony/v1_07_01"/>
    <ForceOptimization flag="true"/>
  </General>
  <Manifest>
    <Files>
      <File>
        <Name>drv_tmr.h</Name>
        <Path>Header Files/framework/driver/tmr</Path>
      </File>
      <File>
        <Name>sys_devcon.c</Name>
        <Path>Source Files/framework/system/devcon/src</Path>
      </File>
      <File>
        <Name>drv_tmr.c</Name>
        <Path>Source Files/framework/driver/tmr/src/dynamic</Path>
      </File>
      <File>
        <Name>sys_tmr.h</Name>
        <Path>Header Files/framework/system/tmr</Path>
      </File>
      <File>
        <Name>sys_ports.c</Name>
        <Path>Source Files/framework/system/ports/src</Path>
      </File>
      <File>
        <Name>sys_tmr.c</Name>
        <Path>Source Files/framework/system/tmr/src</Path>
      </File>
      <File>
        <Name>sys_devcon.h</Name>
        <Path>Header Files/framework/system/devcon</Path>
      </File>
      <File>
        <Name>system.h</Name>
        <Path>Header Files/framework/system</Path>
      </File>
      <File>
        <Name>sys_module.h</Name>
        <Path>Header Files/framework/system/common</Path>
      </File>
      <File>
        <Name>sys_ports.h</Name>
        <Path>Header Files/framework/system/ports</Path>
      </File>
      <File>
        <Name>sys_devcon_pic32mx.c</Name>
        <Path>Source Files/framework/system/devcon/src</Path>
      </File>
      <File>
        <Name>driver.h</Name>
        <Path>Header Files/framework/driver</Path>
      </File>
      <File>
        <Name>sys_common.h</Name>
        <Path>Header Files/framework/system/common</Path>
      </File>
      <File>
        <Name>sys_int_pic32.c</Name>
        <Path>Source Files/framework/system/int/src</Path>
      </File>
      <File>
        <Name>sys_int.h</Name>
        <Path>Header Files/framework/system/int</Path>
      </File>
    </Files>
    <Templates>
      <Template>
        <Name>main.c</Name>
        <Path>Source Files/app</Path>
      </Template>
      <Template>
        <Name>system_definitions.h</Name>
        <Path>Header Files/app/system_config/Digilent_chipKIT_Pro_MX4</Path>
        <Checksum>AD3EB2828DDB616FD577180F6F1D5792</Checksum>
      </Template>
      <Template>
        <Name>system_interrupt.c</Name>
        <Path>Source Files/app/system_config/Digilent_chipKIT_Pro_MX4</Path>
        <Checksum>28FF222FECC7CFF2FB44BB2186B46F3F</Checksum>
      </Template>
      <Template>
        <Name>drv_usart_mapping.c</Name>
        <Path>Source Files/app/system_config/Digilent_chipKIT_Pro_MX4/framework/driver/usart/src</Path>
        <Checksum>7DD88E19794AF262C18DB4AC3FF8AC5D</Checksum>
      </Template>
      <Template>
        <Name>drv_usart_static_local.h</Name>
        <Path>Header Files/app/system_config/Digilent_chipKIT_Pro_MX4/framework/driver/usart/src</Path>
        <Checksum>62F7F49D6A443F111DA38971475472FD</Checksum>
      </Template>
      <Template>
        <Name>system_init.c</Name>
        <Path>Source Files/app/system_config/Digilent_chipKIT_Pro_MX4</Path>
        <Checksum>8A24F860271303D74855880AFBCE7BBA</Checksum>
      </Template>
      <Template>
        <Name>app.c</Name>
        <Path>Source Files/app</Path>
      </Template>
      <Template>
        <Name>sys_ports_static.c</Name>
        <Path>Source Files/app/system_config/Digilent_chipKIT_Pro_MX4/framework/system/ports/src</Path>
        <Checksum>08745B364B650816EB2D9ACED1F3CF3A</Checksum>
      </Template>
      <Template>
        <Name>drv_usart_static_byte_model.c</Name>
        <Path>Source Files/app/system_config/Digilent_chipKIT_Pro_MX4/framework/driver/usart/src</Path>
        <Checksum>46289C590CDE526ECC7303952EC60103</Checksum>
      </Template>
      <Template>
        <Name>sys_clk_static.c</Name>
        <Path>Source Files/app/system_config/Digilent_chipKIT_Pro_MX4/framework/system/clk/src</Path>
        <Checksum>E8C935BED4628875A8C3428DDD07355C</Checksum>
      </Template>
      <Template>
        <Name>app.h</Name>
        <Path>Header Files/app</Path>
      </Template>
      <Template>
        <Name>sys_clk_static.h</Name>
        <Path>Header Files/app/system_config/Digilent_chipKIT_Pro_MX4/framework/system/clk</Path>
        <Checksum>B4BD59D8D7C4DA95DC5E3B57755FD352</Checksum>
      </Template>
      <Template>
        <Name>system_config.h</Name>
        <Path>Header Files/app/system_config/Digilent_chipKIT_Pro_MX4</Path>
        <Checksum>5C446B0D048D8433139B12623CF13995</Checksum>
        <ProjectFileChecksum>FE9FD4B0DF6E63E3675ACF7D8DD7F7D0</ProjectFileChecksum>
      </Template>
      <Template>
        <Name>system_exceptions.c</Name>
        <Path>Source Files/app/system_config/Digilent_chipKIT_Pro_MX4</Path>
        <Checksum>C111969CA43D6CEA1E9E33A6164E7AE0</Checksum>
      </Template>
      <Template>
        <Name>drv_usart_static.c</Name>
        <Path>Source Files/app/system_config/Digilent_chipKIT_Pro_MX4/framework/driver/usart/src</Path>
        <Checksum>A7913A3959EF5F266423CA7B27A15EDC</Checksum>
      </Template>
      <Template>
        <Name>drv_usart_static.h</Name>
        <Path>Header Files/app/system_config/Digilent_chipKIT_Pro_MX4/framework/driver/usart</Path>
        <Checksum>AE37BD63B6EC9F6ADD6B8006CE192FCB</Checksum>
      </Template>
      <Template>
        <Name>system_tasks.c</Name>
        <Path>Source Files/app/system_config/Digilent_chipKIT_Pro_MX4</Path>
        <Checksum>3C43AA41A53478C3E6863727F0C6E199</Checksum>
      </Template>
    </Templates>
    <Libraries>
      <Library value="../../../../../../../microchip/harmony/v1_07_01/bin/framework/peripheral/PIC32MX460F512L_peripherals.a"/>
    </Libraries>
  </Manifest>
</configuration>
